clade	inclusive_count	exclusive_count
19A	6288391	12015
19B	6359	6359
20A	6270017	111568
20B	3087180	100891
20C	142977	60502
20D	7098	5782
20E (EU1)	101069	101069
20F	11458	11458
20G	71929	71929
20H (Beta,V2)	7863	7863
20I (Alpha,V1)	598541	598541
20J (Gamma,V3)	26607	26607
21A (Delta)	2746181	1882
21B (Kappa)	1004	1004
21C (Epsilon)	41460	41460
21D (Eta)	2562	2562
21E (Theta)	46	46
21F (Iota)	33152	33152
21G (Lambda)	1316	1316
21H (Mu)	5547	5547
21I (Delta)	191128	191128
21J (Delta)	2553171	2553171
21K (Omicron)	960793	960793
21L (Omicron)	341178	10510
21M (Omicron)	2342539	825136
22A (Omicron)	62510	62510
22B (Omicron)	330668	330668
22C (Omicron)	151830	151830
22D (Omicron)	1092	1092
A	6359	1032
A.1	2532	2532
A.11	10	10
A.12	6	6
A.18	2	2
A.19	4	4
A.2	1532	185
A.2.2	214	214
A.2.3	204	204
A.2.4	2	2
A.2.5	927	776
A.2.5.1	38	38
A.2.5.2	107	107
A.2.5.3	6	6
A.21	104	104
A.23	21	21
A.23.1	372	351
A.24	2	2
A.25	18	18
A.26	18	18
A.27	81	81
A.28	128	128
A.29	106	106
A.3	217	217
A.4	32	32
A.5	119	119
A.6	121	121
A.7	4	4
AA.1	2155	78
AA.2	128	128
AA.3	31	31
AA.4	110	110
AA.5	63	63
AA.6	61	61
AA.7	93	93
AA.8	45	45
AC.1	22	22
AD.2	4395	4395
AE.1	4	4
AE.2	13	13
AE.4	17	17
AE.6	30	30
AE.7	15	15
AF.1	25	25
AG.1	3	3
AH.1	7	7
AH.2	86	86
AH.3	7	7
AK.1	77	77
AK.2	4	4
AM.3	33	33
AN.1	23	23
AP.1	584	584
AQ.1	2	2
AS.1	100	100
AS.2	57	57
AT.1	5	5
AV.1	192	192
AY.1	202	202
AY.10	1259	1259
AY.100	63762	63762
AY.101	722	722
AY.102	45	45
AY.103	230528	230521
AY.103.1	7	7
AY.104	47	47
AY.105	814	814
AY.106	865	865
AY.107	3072	3072
AY.108	418	418
AY.109	881	881
AY.11	694	694
AY.110	2057	2057
AY.111	7167	7167
AY.112	2610	2366
AY.112.1	84	84
AY.112.2	158	158
AY.112.3	2	2
AY.113	7124	7124
AY.114	4280	4280
AY.116	4352	663
AY.116.1	3689	3689
AY.117	12581	12581
AY.118	17028	17028
AY.119	38386	29127
AY.119.1	72	72
AY.119.2	9187	9187
AY.120	32703	28418
AY.120.1	3070	3070
AY.120.2	1215	13
AY.120.2.1	1202	1202
AY.121	16054	14194
AY.121.1	1860	1860
AY.122	94717	92789
AY.122.1	192	192
AY.122.2	49	49
AY.122.3	1055	1055
AY.122.4	370	370
AY.122.5	14	14
AY.122.6	248	248
AY.123	171	113
AY.123.1	58	58
AY.124	2214	1999
AY.124.1	215	138
AY.124.1.1	77	77
AY.125	10885	10885
AY.126	22252	22252
AY.127	10861	10788
AY.127.1	73	73
AY.128	114	114
AY.129	9567	9567
AY.13	5024	5024
AY.130	61	61
AY.131	79	79
AY.132	538	538
AY.133	58	58
AY.134	774	774
AY.14	10965	10965
AY.15	94	94
AY.16	1374	1263
AY.16.1	111	111
AY.17	179	179
AY.19	3	3
AY.2	2546	2546
AY.20	19293	19248
AY.20.1	45	45
AY.21	37	37
AY.22	42	42
AY.23	1790	1614
AY.23.1	11	11
AY.23.2	165	165
AY.24	453	435
AY.24.1	18	18
AY.25	169702	110611
AY.25.1	58038	58022
AY.25.1.2	16	16
AY.25.2	2	2
AY.25.3	1051	1051
AY.26	31975	31971
AY.26.1	4	4
AY.27	235	235
AY.28	30	30
AY.29	1064	1012
AY.29.1	25	25
AY.29.2	27	27
AY.3	147610	133449
AY.3.1	13125	13125
AY.3.3	740	740
AY.3.4	296	296
AY.30	418	418
AY.31	4	4
AY.32	592	592
AY.33	9400	9019
AY.33.1	23	23
AY.33.2	358	358
AY.34	9599	5272
AY.34.1	3911	3561
AY.34.1.1	350	350
AY.34.2	416	416
AY.35	1183	1183
AY.36	9337	7409
AY.36.1	1928	1928
AY.37	1811	1811
AY.38	6962	744
AY.39	53180	41555
AY.39.1	11315	6622
AY.39.1.1	4687	4687
AY.39.1.2	4	4
AY.39.1.4	2	2
AY.39.2	288	288
AY.39.3	22	22
AY.4	940519	775411
AY.4.1	1546	1546
AY.4.10	1472	1472
AY.4.11	371	371
AY.4.12	6	6
AY.4.13	274	274
AY.4.14	755	755
AY.4.15	1325	1325
AY.4.16	3	3
AY.4.17	6	6
AY.4.2	134900	84364
AY.4.2.1	17675	17675
AY.4.2.2	28704	28704
AY.4.2.3	3316	3316
AY.4.2.4	29	29
AY.4.2.5	812	812
AY.4.3	1743	1743
AY.4.4	1249	1249
AY.4.5	3249	3249
AY.4.6	11642	11642
AY.4.7	972	972
AY.4.8	4362	4362
AY.4.9	1233	1233
AY.41	1406	1406
AY.42	10743	10717
AY.42.1	26	26
AY.43	133030	122034
AY.43.1	192	192
AY.43.2	167	167
AY.43.3	260	260
AY.43.4	2930	2930
AY.43.5	12	12
AY.43.6	6113	6113
AY.43.7	69	69
AY.43.8	713	713
AY.43.9	540	540
AY.44	194071	194071
AY.45	770	770
AY.46	39508	5015
AY.46.1	1229	1229
AY.46.2	879	879
AY.46.3	184	184
AY.46.4	4709	4709
AY.46.5	13110	13110
AY.46.6	14382	14377
AY.46.6.1	5	5
AY.47	31482	31482
AY.48	1431	1431
AY.49	149	149
AY.5	51268	48154
AY.5.1	23	23
AY.5.2	35	35
AY.5.3	1891	1891
AY.5.4	945	945
AY.5.5	213	213
AY.5.6	7	7
AY.50	47	47
AY.51	908	908
AY.52	957	957
AY.53	362	362
AY.54	10374	10374
AY.55	51	51
AY.56	239	239
AY.57	1387	1387
AY.58	504	504
AY.59	48	48
AY.6	25883	25883
AY.60	618	618
AY.61	237	237
AY.62	1598	1598
AY.63	12	12
AY.64	1466	1466
AY.65	1304	1304
AY.66	52	52
AY.67	1861	1861
AY.68	805	805
AY.69	17	17
AY.7	14402	5139
AY.7.1	8577	8577
AY.7.2	686	686
AY.70	1005	1005
AY.71	322	322
AY.72	355	355
AY.73	443	443
AY.74	741	741
AY.75	16571	16542
AY.75.2	27	27
AY.75.3	2	2
AY.76	15	15
AY.77	318	318
AY.78	169	169
AY.79	95	95
AY.8	1714	1714
AY.80	1140	1140
AY.81	513	513
AY.82	23	23
AY.83	454	454
AY.84	1217	1217
AY.85	364	364
AY.86	70	70
AY.87	931	931
AY.88	552	552
AY.9	30131	11798
AY.9.2	18333	18248
AY.9.2.2	85	85
AY.90	1844	1844
AY.91	728	548
AY.91.1	180	180
AY.92	682	682
AY.93	6	6
AY.94	365	365
AY.95	145	145
AY.98	55076	41266
AY.98.1	13810	13236
AY.98.1.1	574	574
AY.99	4049	169
AY.99.1	214	214
AY.99.2	3666	3666
AZ.2	216	137
AZ.2.1	79	79
AZ.3	501	501
AZ.4	50	50
AZ.5	24	24
B	6288391	3494
B.1	6270017	44828
B.1.1	3087180	22921
B.1.1.1	7103	1924
B.1.1.10	815	655
B.1.1.101	14	14
B.1.1.107	31	31
B.1.1.109	24	24
B.1.1.111	32	32
B.1.1.113	47	47
B.1.1.114	16	16
B.1.1.115	275	113
B.1.1.116	8	8
B.1.1.117	5	5
B.1.1.118	17	17
B.1.1.119	29	29
B.1.1.12	126	126
B.1.1.120	26	26
B.1.1.121	3	3
B.1.1.122	8	8
B.1.1.123	52	52
B.1.1.125	93	93
B.1.1.128	77	77
B.1.1.129	211	2
B.1.1.13	17	17
B.1.1.130	67	67
B.1.1.132	60	60
B.1.1.133	21	21
B.1.1.134	70	70
B.1.1.135	110	103
B.1.1.136	35	35
B.1.1.137	73	73
B.1.1.138	171	171
B.1.1.139	32	32
B.1.1.14	58	58
B.1.1.141	104	104
B.1.1.142	873	675
B.1.1.144	24	24
B.1.1.145	20	20
B.1.1.147	13	13
B.1.1.148	16	16
B.1.1.149	62	62
B.1.1.15	77	77
B.1.1.152	3	3
B.1.1.153	270	270
B.1.1.154	24	24
B.1.1.155	14	14
B.1.1.158	41	41
B.1.1.159	45	45
B.1.1.16	11	11
B.1.1.160	10	10
B.1.1.161	48	48
B.1.1.162	26	26
B.1.1.163	12	12
B.1.1.164	188	188
B.1.1.165	68	68
B.1.1.166	28	28
B.1.1.168	42	42
B.1.1.169	10	10
B.1.1.17	53	53
B.1.1.170	330	330
B.1.1.171	208	208
B.1.1.172	29	29
B.1.1.174	151	151
B.1.1.175	7	7
B.1.1.176	18	18
B.1.1.177	6	6
B.1.1.178	20	20
B.1.1.180	87	87
B.1.1.181	22	22
B.1.1.182	6	6
B.1.1.185	6	6
B.1.1.186	186	186
B.1.1.187	14	14
B.1.1.189	435	270
B.1.1.190	14	14
B.1.1.192	187	187
B.1.1.193	12	12
B.1.1.194	126	126
B.1.1.196	171	171
B.1.1.197	24	24
B.1.1.198	477	477
B.1.1.200	143	120
B.1.1.201	2	2
B.1.1.203	21	21
B.1.1.204	114	114
B.1.1.205	89	89
B.1.1.207	512	512
B.1.1.208	72	72
B.1.1.209	27	27
B.1.1.210	15	15
B.1.1.213	47	47
B.1.1.214	445	445
B.1.1.216	138	105
B.1.1.217	279	279
B.1.1.218	58	58
B.1.1.219	90	90
B.1.1.220	234	234
B.1.1.221	2	2
B.1.1.222	16260	3403
B.1.1.224	6	6
B.1.1.225	99	99
B.1.1.226	21	21
B.1.1.227	230	230
B.1.1.228	326	326
B.1.1.229	32	32
B.1.1.231	156	156
B.1.1.232	367	286
B.1.1.234	53	53
B.1.1.236	93	93
B.1.1.237	171	171
B.1.1.239	36	36
B.1.1.240	226	226
B.1.1.241	312	212
B.1.1.242	9	9
B.1.1.243	31	31
B.1.1.244	549	113
B.1.1.249	14	14
B.1.1.25	12218	594
B.1.1.251	74	74
B.1.1.253	313	313
B.1.1.254	36	20
B.1.1.255	330	330
B.1.1.256	73	73
B.1.1.257	81	81
B.1.1.258	27	27
B.1.1.26	183	183
B.1.1.261	3	3
B.1.1.262	65	65
B.1.1.263	12	12
B.1.1.266	23	23
B.1.1.268	16	16
B.1.1.269	545	545
B.1.1.27	2	2
B.1.1.270	96	96
B.1.1.274	96	96
B.1.1.275	6	6
B.1.1.277	255	255
B.1.1.279	725	725
B.1.1.28	1663	209
B.1.1.280	11	11
B.1.1.282	26	26
B.1.1.283	2	2
B.1.1.284	261	261
B.1.1.285	44	44
B.1.1.286	317	317
B.1.1.288	9	9
B.1.1.289	488	488
B.1.1.29	117	117
B.1.1.290	40	40
B.1.1.291	1184	1144
B.1.1.294	262	236
B.1.1.296	54	54
B.1.1.297	202	199
B.1.1.298	11	11
B.1.1.299	80	80
B.1.1.3	123	123
B.1.1.300	91	91
B.1.1.301	829	829
B.1.1.302	23	23
B.1.1.303	326	326
B.1.1.304	1097	173
B.1.1.305	155	130
B.1.1.306	247	157
B.1.1.307	2148	2148
B.1.1.308	73	73
B.1.1.309	157	157
B.1.1.310	66	66
B.1.1.311	2640	2640
B.1.1.312	13	13
B.1.1.315	4430	35
B.1.1.316	895	825
B.1.1.317	1451	1294
B.1.1.318	2385	1594
B.1.1.320	16	16
B.1.1.322	66	66
B.1.1.323	64	64
B.1.1.325	3	3
B.1.1.326	8	8
B.1.1.327	7	7
B.1.1.328	16	16
B.1.1.329	82	82
B.1.1.33	478	223
B.1.1.336	2	2
B.1.1.337	121	121
B.1.1.338	5	5
B.1.1.339	8	8
B.1.1.34	42	20
B.1.1.341	16	16
B.1.1.344	46	46
B.1.1.345	4	4
B.1.1.347	11	11
B.1.1.348	451	451
B.1.1.349	15	15
B.1.1.351	74	74
B.1.1.352	24	24
B.1.1.353	6	6
B.1.1.354	23	23
B.1.1.355	78	66
B.1.1.356	11	11
B.1.1.357	2	2
B.1.1.358	9	9
B.1.1.359	9	9
B.1.1.360	32	32
B.1.1.361	21	21
B.1.1.362	144	144
B.1.1.363	168	168
B.1.1.364	4	4
B.1.1.365	175	175
B.1.1.367	34	23
B.1.1.368	179	179
B.1.1.369	2209	2209
B.1.1.37	4946	4946
B.1.1.371	47	47
B.1.1.372	10558	1246
B.1.1.373	6	6
B.1.1.374	70	70
B.1.1.375	8	8
B.1.1.376	101	101
B.1.1.378	47	47
B.1.1.379	31	31
B.1.1.38	18	18
B.1.1.380	29	29
B.1.1.381	2	2
B.1.1.382	22	22
B.1.1.383	3	3
B.1.1.384	56	56
B.1.1.385	209	209
B.1.1.388	2	2
B.1.1.389	7	7
B.1.1.39	1595	1593
B.1.1.392	7	7
B.1.1.395	18	18
B.1.1.396	3	3
B.1.1.397	45	45
B.1.1.398	2	2
B.1.1.4	330	330
B.1.1.40	16	16
B.1.1.402	11	5
B.1.1.403	19	19
B.1.1.404	12	12
B.1.1.405	27	5
B.1.1.406	92	92
B.1.1.408	33	33
B.1.1.41	173	173
B.1.1.413	51	51
B.1.1.416	790	790
B.1.1.418	47	47
B.1.1.420	187	187
B.1.1.421	7	7
B.1.1.423	12	12
B.1.1.425	5	5
B.1.1.426	18	18
B.1.1.428	57	57
B.1.1.429	52	52
B.1.1.43	69	69
B.1.1.432	436	436
B.1.1.434	924	924
B.1.1.437	18	18
B.1.1.438	2	2
B.1.1.44	265	265
B.1.1.440	11	11
B.1.1.441	13	13
B.1.1.445	25	25
B.1.1.447	2	2
B.1.1.448	10	5
B.1.1.45	60	60
B.1.1.450	50	50
B.1.1.453	98	98
B.1.1.458	7	7
B.1.1.459	33	33
B.1.1.46	31	31
B.1.1.461	12	12
B.1.1.463	12	12
B.1.1.464	263	263
B.1.1.467	14	14
B.1.1.47	101	101
B.1.1.48	30	30
B.1.1.480	31	31
B.1.1.482	16	16
B.1.1.485	16	16
B.1.1.486	221	221
B.1.1.487	55	55
B.1.1.49	58	58
B.1.1.5	38	38
B.1.1.50	111	111
B.1.1.500	7	7
B.1.1.506	2	2
B.1.1.507	16	16
B.1.1.51	570	570
B.1.1.512	27	27
B.1.1.513	2	2
B.1.1.514	26	26
B.1.1.517	106	106
B.1.1.518	52	52
B.1.1.519	12704	12704
B.1.1.521	87	87
B.1.1.523	165	165
B.1.1.524	3	3
B.1.1.525	12	12
B.1.1.528	41	41
B.1.1.529	2342559	36
B.1.1.54	5	5
B.1.1.55	72	72
B.1.1.57	28	28
B.1.1.58	80	80
B.1.1.59	182	182
B.1.1.61	66	66
B.1.1.63	872	872
B.1.1.67	218	218
B.1.1.7	598541	589816
B.1.1.70	1608	1024
B.1.1.71	78	78
B.1.1.72	16	16
B.1.1.74	218	218
B.1.1.75	39	6
B.1.1.77	17	17
B.1.1.8	188	180
B.1.1.82	26	26
B.1.1.83	336	336
B.1.1.86	26	26
B.1.1.88	2	2
B.1.1.89	132	132
B.1.1.92	30	30
B.1.1.93	9	9
B.1.1.95	56	56
B.1.1.97	30	30
B.1.1.98	38	38
B.1.103	56	56
B.1.104	232	232
B.1.105	106	106
B.1.106	24	24
B.1.108	89	89
B.1.110	1075	214
B.1.110.1	2	2
B.1.110.2	6	6
B.1.110.3	853	853
B.1.111	260	260
B.1.112	163	163
B.1.113	48	48
B.1.115	15	15
B.1.116	2	2
B.1.117	77	77
B.1.12	33	33
B.1.120	123	123
B.1.124	111	111
B.1.126	504	504
B.1.127	4	4
B.1.128	2	2
B.1.13	388	388
B.1.131	26	26
B.1.134	2	2
B.1.137	5	5
B.1.139	442	442
B.1.14	57	57
B.1.142	338	338
B.1.143	25	25
B.1.145	10	10
B.1.146	103	103
B.1.147	73	73
B.1.151	77	77
B.1.153	55	55
B.1.157	124	124
B.1.159	27	27
B.1.160	18435	14722
B.1.160.10	123	123
B.1.160.11	146	146
B.1.160.12	160	160
B.1.160.13	8	8
B.1.160.15	188	188
B.1.160.19	26	26
B.1.160.20	106	106
B.1.160.22	134	134
B.1.160.23	198	198
B.1.160.25	19	19
B.1.160.26	353	353
B.1.160.28	89	89
B.1.160.29	200	200
B.1.160.30	799	799
B.1.160.31	144	119
B.1.160.32	186	186
B.1.160.33	194	194
B.1.160.7	700	506
B.1.160.9	94	94
B.1.161	4	4
B.1.162	105	105
B.1.163	12	12
B.1.164	9	9
B.1.165	69	69
B.1.166	106	106
B.1.167	13	13
B.1.168	37	37
B.1.170	31	31
B.1.173	35	35
B.1.177	100983	51396
B.1.177.10	985	985
B.1.177.11	485	485
B.1.177.12	9	9
B.1.177.15	2077	1546
B.1.177.16	1533	1533
B.1.177.17	1265	1265
B.1.177.18	803	803
B.1.177.19	688	688
B.1.177.2	206	206
B.1.177.20	690	690
B.1.177.21	115	115
B.1.177.23	306	306
B.1.177.24	8	8
B.1.177.25	2	2
B.1.177.26	134	134
B.1.177.28	73	73
B.1.177.3	116	116
B.1.177.30	352	352
B.1.177.31	40	40
B.1.177.32	102	102
B.1.177.33	95	95
B.1.177.35	17	17
B.1.177.39	5	5
B.1.177.4	4635	4635
B.1.177.40	2	2
B.1.177.43	537	537
B.1.177.44	1661	1661
B.1.177.45	2609	2609
B.1.177.47	63	63
B.1.177.48	319	319
B.1.177.5	806	806
B.1.177.50	12	12
B.1.177.51	106	106
B.1.177.52	247	236
B.1.177.53	1075	94
B.1.177.54	1460	1396
B.1.177.55	329	329
B.1.177.56	4836	1346
B.1.177.57	3490	3490
B.1.177.58	691	691
B.1.177.59	4	4
B.1.177.6	948	948
B.1.177.60	244	164
B.1.177.62	605	605
B.1.177.63	344	344
B.1.177.65	1468	1468
B.1.177.67	3	3
B.1.177.69	682	682
B.1.177.7	5932	5932
B.1.177.71	100	100
B.1.177.72	26	26
B.1.177.73	61	61
B.1.177.74	10	10
B.1.177.75	263	263
B.1.177.76	3	3
B.1.177.77	219	219
B.1.177.8	1280	1280
B.1.177.81	2748	2490
B.1.177.82	281	281
B.1.177.83	120	120
B.1.177.84	151	151
B.1.177.85	37	37
B.1.177.86	2445	2445
B.1.177.87	1299	1299
B.1.177.89	56	56
B.1.177.9	1078	726
B.1.178	10	10
B.1.179	11	11
B.1.180	3	3
B.1.181	21	21
B.1.182	3	3
B.1.184	13	13
B.1.187	15	15
B.1.188	29	29
B.1.189	71	71
B.1.190	83	83
B.1.194	5	5
B.1.195	17	17
B.1.198	14	14
B.1.199	140	140
B.1.2	71929	71929
B.1.201	204	204
B.1.203	3	3
B.1.205	7	7
B.1.206	223	182
B.1.208	5	5
B.1.210	63	63
B.1.211	4	4
B.1.213	46	46
B.1.214	5	5
B.1.215	103	103
B.1.218	55	55
B.1.219	16	16
B.1.22	277	277
B.1.220	62	62
B.1.221	3799	3322
B.1.221.1	337	337
B.1.221.2	129	129
B.1.221.3	5	5
B.1.221.4	6	6
B.1.222	548	548
B.1.223	259	259
B.1.225	118	118
B.1.229	74	74
B.1.23	129	129
B.1.231	23	23
B.1.232	1066	1066
B.1.233	8	8
B.1.234	3717	3717
B.1.235	388	388
B.1.236	326	326
B.1.238	75	75
B.1.239	471	471
B.1.240	2630	2538
B.1.240.2	32	32
B.1.241	850	850
B.1.243	8089	7943
B.1.243.1	23	23
B.1.243.2	16	16
B.1.245	19	19
B.1.248	33	33
B.1.249	13	13
B.1.250	63	63
B.1.251	47	47
B.1.252	147	147
B.1.254	40	40
B.1.256	59	59
B.1.258	6657	4297
B.1.258.10	88	88
B.1.258.11	8	8
B.1.258.12	110	110
B.1.258.14	44	44
B.1.258.17	1168	1168
B.1.258.2	54	30
B.1.258.22	2	2
B.1.258.23	43	43
B.1.258.3	425	425
B.1.258.4	273	273
B.1.258.5	108	108
B.1.258.6	47	47
B.1.258.7	513	513
B.1.264	79	79
B.1.265	419	419
B.1.267	41	41
B.1.268	99	99
B.1.273	85	85
B.1.274	29	29
B.1.276	15	15
B.1.277	15	15
B.1.280	577	577
B.1.281	37	37
B.1.282	70	70
B.1.287	33	33
B.1.289	244	244
B.1.293	26	26
B.1.294	24	24
B.1.298	202	202
B.1.3	121	121
B.1.301	177	177
B.1.302	12	12
B.1.304	22	22
B.1.305	365	365
B.1.306	97	97
B.1.309	11	11
B.1.310	16	16
B.1.311	1949	1949
B.1.313	98	98
B.1.314	62	62
B.1.315	105	105
B.1.318	22	22
B.1.319	161	161
B.1.320	622	617
B.1.321	15	15
B.1.323	26	26
B.1.324	381	381
B.1.325	18	18
B.1.328	29	29
B.1.329	35	35
B.1.330	25	25
B.1.332	183	183
B.1.333	7	7
B.1.334	16	16
B.1.335	25	25
B.1.336	143	143
B.1.337	120	120
B.1.338	101	101
B.1.340	111	111
B.1.341	13	13
B.1.342	2	2
B.1.344	56	56
B.1.346	380	380
B.1.348	49	49
B.1.349	598	598
B.1.35	132	132
B.1.350	13	6
B.1.350.1	7	7
B.1.351	7863	7202
B.1.351.2	233	233
B.1.351.3	421	421
B.1.351.5	7	7
B.1.355	53	53
B.1.356	211	211
B.1.359	17	17
B.1.36	6946	1041
B.1.36.1	372	372
B.1.36.10	5	5
B.1.36.12	104	104
B.1.36.16	395	395
B.1.36.17	2382	1953
B.1.36.18	16	16
B.1.36.19	4	4
B.1.36.2	109	109
B.1.36.20	62	62
B.1.36.21	5	5
B.1.36.22	3	3
B.1.36.23	44	44
B.1.36.24	134	134
B.1.36.26	9	9
B.1.36.27	597	597
B.1.36.28	171	171
B.1.36.29	200	200
B.1.36.31	194	194
B.1.36.34	31	31
B.1.36.35	290	290
B.1.36.38	160	51
B.1.36.39	429	429
B.1.36.7	128	128
B.1.36.8	343	329
B.1.36.9	274	274
B.1.360	85	85
B.1.361	383	383
B.1.362	295	89
B.1.362.1	15	15
B.1.362.2	191	191
B.1.363	64	64
B.1.366	190	190
B.1.367	741	741
B.1.369	2621	2601
B.1.37	65	65
B.1.370	95	95
B.1.372	3	3
B.1.375	776	776
B.1.377	133	133
B.1.378	25	25
B.1.379	54	54
B.1.38	29	29
B.1.381	70	70
B.1.382	44	44
B.1.383	111	111
B.1.384	293	293
B.1.385	72	72
B.1.389	869	869
B.1.39	15	15
B.1.390	66	66
B.1.391	831	831
B.1.393	16	16
B.1.395	229	97
B.1.396	509	509
B.1.397	125	125
B.1.398	79	79
B.1.399	322	322
B.1.40	51	51
B.1.400	2041	1848
B.1.400.1	57	57
B.1.401	315	252
B.1.402	92	92
B.1.403	300	300
B.1.404	390	390
B.1.405	63	63
B.1.407	26	26
B.1.408	147	147
B.1.409	444	444
B.1.411	5	5
B.1.413	173	173
B.1.415	34	34
B.1.415.1	20	20
B.1.416	225	225
B.1.416.1	363	363
B.1.418	63	63
B.1.420	35	35
B.1.421	136	136
B.1.423	70	70
B.1.424	2	2
B.1.425	228	228
B.1.426	833	833
B.1.427	12832	12832
B.1.428	69	21
B.1.428.1	29	29
B.1.428.2	12	12
B.1.428.3	2	2
B.1.429	41460	28587
B.1.429.1	41	41
B.1.431	25	25
B.1.433	229	229
B.1.435	71	71
B.1.436	72	72
B.1.437	36	36
B.1.438	18	18
B.1.438.1	27	27
B.1.438.3	21	21
B.1.438.4	56	56
B.1.439	104	104
B.1.44	111	111
B.1.441	37	37
B.1.442	25	25
B.1.443	185	185
B.1.444	68	68
B.1.445	19	19
B.1.448	123	123
B.1.450	18	18
B.1.451	51	51
B.1.452	91	69
B.1.453	264	264
B.1.456	2	2
B.1.459	2	2
B.1.460	47	47
B.1.462	6	6
B.1.463	3	3
B.1.465	187	187
B.1.466	14	14
B.1.466.1	37	37
B.1.466.2	29	29
B.1.467	12	12
B.1.468	2	2
B.1.469	118	118
B.1.470	6	6
B.1.471	297	297
B.1.473	46	46
B.1.474	35	35
B.1.478	52	52
B.1.479	15	15
B.1.480	89	89
B.1.483	6	6
B.1.485	66	66
B.1.487	9	9
B.1.489	23	23
B.1.491	17	17
B.1.492	143	143
B.1.493	27	27
B.1.494	21	21
B.1.495	8	8
B.1.496	3	3
B.1.497	14	14
B.1.498	27	27
B.1.499	40	37
B.1.499.1	3	3
B.1.500	9	9
B.1.501	33	33
B.1.502	9	9
B.1.503	361	361
B.1.504	14	14
B.1.505	40	40
B.1.507	44	44
B.1.508	31	31
B.1.509	646	646
B.1.510	3	3
B.1.511	2	2
B.1.513	5	5
B.1.515	59	59
B.1.516	217	217
B.1.517	1555	1555
B.1.520	7	7
B.1.521	73	73
B.1.523	214	214
B.1.524	72	72
B.1.525	2562	2562
B.1.526	33113	33113
B.1.530	139	139
B.1.531	12	12
B.1.532	162	162
B.1.533	64	64
B.1.539	43	43
B.1.541	106	106
B.1.543	31	31
B.1.544	114	114
B.1.545	30	30
B.1.546	41	41
B.1.548	11	11
B.1.549	160	160
B.1.550	60	60
B.1.551	630	630
B.1.552	35	35
B.1.554	80	80
B.1.556	30	30
B.1.557	19	19
B.1.558	993	143
B.1.559	39	39
B.1.560	221	186
B.1.561	1199	1199
B.1.562	4	4
B.1.563	48	48
B.1.564	2626	5
B.1.564.1	4	4
B.1.565	722	722
B.1.567	166	166
B.1.568	680	680
B.1.569	22	22
B.1.570	418	418
B.1.571	16	16
B.1.572	57	39
B.1.574	117	117
B.1.575	2529	2496
B.1.575.1	33	33
B.1.576	310	246
B.1.577	873	873
B.1.578	16	16
B.1.579	49	49
B.1.580	535	152
B.1.581	10	10
B.1.582	1999	774
B.1.585	7	7
B.1.586	5	5
B.1.587	98	98
B.1.588	644	644
B.1.589	15	15
B.1.590	19	19
B.1.591	53	53
B.1.594	19	19
B.1.595	3819	1859
B.1.595.1	64	64
B.1.595.2	14	14
B.1.595.3	17	17
B.1.595.4	16	16
B.1.596	1159	1159
B.1.596.1	23	23
B.1.597	882	141
B.1.599	153	153
B.1.6	12	12
B.1.600	4	4
B.1.601	6	6
B.1.602	107	107
B.1.603	78	78
B.1.604	27	27
B.1.605	132	132
B.1.606	18	18
B.1.607	17	17
B.1.609	1103	1032
B.1.610	286	286
B.1.617.1	1004	1004
B.1.617.2	2746181	80008
B.1.617.3	26	26
B.1.618	2	2
B.1.619	79	79
B.1.619.1	8	8
B.1.620	129	129
B.1.621	5546	4204
B.1.621.1	1289	993
B.1.621.2	53	15
B.1.623	1897	1897
B.1.625	142	142
B.1.626	109	109
B.1.627	292	292
B.1.629	11	11
B.1.630	92	92
B.1.631	175	175
B.1.632	59	59
B.1.634	180	180
B.1.635	19	19
B.1.636	78	78
B.1.637	10965	10920
B.1.637.1	45	45
B.1.639	33	33
B.1.640	61	1
B.1.640.1	47	47
B.1.640.2	13	13
B.1.67	22	22
B.1.69	23	23
B.1.70	36	36
B.1.76	80	80
B.1.77	23	23
B.1.78	94	51
B.1.8	252	252
B.1.81	34	34
B.1.88.1	20	20
B.1.9	313	48
B.1.9.1	30	30
B.1.9.2	10	10
B.1.9.4	166	166
B.1.9.5	59	59
B.1.91	132	132
B.1.93	1012	1012
B.1.96	33	33
B.1.97	40	40
B.10	127	127
B.11	122	122
B.12	21	21
B.13	21	21
B.15	46	46
B.18	21	21
B.19	27	27
B.20	43	43
B.23	308	308
B.26	65	65
B.27	59	59
B.28	253	253
B.29	220	220
B.3	1267	696
B.3.1	571	571
B.30	26	26
B.31	224	224
B.32	35	35
B.33	1846	1230
B.34	72	72
B.35	80	80
B.37	5	5
B.39	424	355
B.4	283	155
B.4.4	27	27
B.4.5	70	70
B.4.6	7	7
B.4.7	17	17
B.4.8	7	7
B.40	2334	2258
B.41	7	7
B.42	6	6
B.43	22	22
B.45	254	254
B.46	48	48
B.47	46	46
B.5	18	18
B.51	20	20
B.52	80	80
B.55	310	188
B.57	61	61
B.58	69	69
B.59	733	174
B.6	272	255
B.6.6	17	17
B.60	76	76
B.61	2463	129
BA.1	960793	181805
BA.1.1	494432	395202
BA.1.1.1	14106	13891
BA.1.1.10	908	908
BA.1.1.11	2801	2801
BA.1.1.12	4121	4121
BA.1.1.13	7894	7894
BA.1.1.14	12643	12643
BA.1.1.15	13793	13793
BA.1.1.16	737	737
BA.1.1.17	273	273
BA.1.1.18	34702	34702
BA.1.1.2	3870	3870
BA.1.1.3	356	356
BA.1.1.4	1713	1713
BA.1.1.6	62	62
BA.1.1.7	289	289
BA.1.1.8	683	683
BA.1.1.9	41	41
BA.1.10	1940	1940
BA.1.12	2571	2571
BA.1.13	849	826
BA.1.13.1	23	23
BA.1.14	2761	2478
BA.1.14.1	232	232
BA.1.14.2	51	51
BA.1.15	88116	59538
BA.1.15.1	28526	28526
BA.1.15.2	14	14
BA.1.15.3	38	38
BA.1.16	10939	10877
BA.1.16.1	41	41
BA.1.16.2	21	21
BA.1.17	136768	18703
BA.1.17.1	2	2
BA.1.17.2	118063	113355
BA.1.18	22733	22733
BA.1.19	1886	1886
BA.1.20	12926	12926
BA.1.21	1246	1141
BA.1.21.1	105	105
BA.1.23	2	2
BA.1.3	11	11
BA.1.4	34	34
BA.1.5	425	425
BA.1.6	82	82
BA.1.7	636	636
BA.1.8	604	604
BA.1.9	27	27
BA.2	1381593	577342
BA.2.1	13207	13207
BA.2.10	20869	18332
BA.2.10.1	2393	2393
BA.2.10.2	53	53
BA.2.10.3	75	75
BA.2.10.4	16	16
BA.2.11	35	35
BA.2.12	155518	3597
BA.2.12.1	151830	150268
BA.2.12.2	20	20
BA.2.13	2245	1650
BA.2.13.1	595	595
BA.2.14	1246	1246
BA.2.15	84	84
BA.2.16	519	519
BA.2.17	75	75
BA.2.18	6652	6652
BA.2.19	425	425
BA.2.2	581	546
BA.2.2.1	35	35
BA.2.20	498	498
BA.2.21	807	807
BA.2.22	1815	1815
BA.2.23	14088	13210
BA.2.23.1	878	878
BA.2.24	72	72
BA.2.25	233	181
BA.2.25.1	52	52
BA.2.26	841	841
BA.2.27	36	36
BA.2.28	66	66
BA.2.29	71	71
BA.2.3	41680	37494
BA.2.3.1	111	111
BA.2.3.10	170	170
BA.2.3.11	143	143
BA.2.3.12	120	120
BA.2.3.13	62	62
BA.2.3.14	132	132
BA.2.3.15	281	281
BA.2.3.16	7	7
BA.2.3.17	1505	1505
BA.2.3.18	2	2
BA.2.3.2	487	487
BA.2.3.4	394	394
BA.2.3.5	202	202
BA.2.3.6	270	270
BA.2.3.7	63	63
BA.2.3.8	5	5
BA.2.3.9	216	216
BA.2.3.9_rev10198	16	16
BA.2.30	27	27
BA.2.31	600	600
BA.2.31.1	127	127
BA.2.32	500	500
BA.2.34	99	99
BA.2.35	30	30
BA.2.36	4460	3310
BA.2.37	5544	5544
BA.2.38	1251	1146
BA.2.38.1	59	59
BA.2.38.2	13	13
BA.2.38.3	33	3
BA.2.39	658	658
BA.2.4	112	112
BA.2.40	442	2
BA.2.40.1	440	440
BA.2.41	1301	1301
BA.2.42	90	90
BA.2.43	52	52
BA.2.44	125	125
BA.2.45	140	140
BA.2.46	149	149
BA.2.47	991	991
BA.2.48	1205	1205
BA.2.49	439	439
BA.2.5	963	963
BA.2.50	711	711
BA.2.51	258	258
BA.2.52	428	428
BA.2.53	229	229
BA.2.54	96	96
BA.2.55	183	183
BA.2.56	2289	2289
BA.2.57	33	33
BA.2.58	6	6
BA.2.59	77	77
BA.2.6	601	601
BA.2.60	28	28
BA.2.61	13	13
BA.2.62	17	17
BA.2.63	72	72
BA.2.64	120	120
BA.2.65	958	958
BA.2.66	26	26
BA.2.67	273	273
BA.2.68	83	83
BA.2.69	4	4
BA.2.7	3087	3087
BA.2.70	28	28
BA.2.71	85	85
BA.2.72	468	468
BA.2.73	283	283
BA.2.74	166	166
BA.2.75	1092	253
BA.2.75.1	329	213
BA.2.75.2	191	183
BA.2.75.3	351	54
BA.2.75.4	19	11
BA.2.75.5	106	64
BA.2.75.6	19	2
BA.2.75.7	15	7
BA.2.75_dropout	1096	4
BA.2.76	591	591
BA.2.77	13	13
BA.2.78	49	49
BA.2.79	45	45
BA.2.8	6550	6550
BA.2.80	25	25
BA.2.81	52	52
BA.2.82	17	17
BA.2.85	2	2
BA.2.9	104314	102180
BA.2.9.1	686	686
BA.2.9.2	538	538
BA.2.9.3	584	584
BA.2.9.4	39	39
BA.2.9.5	146	146
BA.2.9.6	141	141
BA.2_21765_no22792	1150	733
BA.3	137	69
BA.3.1	68	68
BA.4	62510	14590
BA.4.1	27969	25346
BA.4.1.1	1076	1076
BA.4.1.10	24	24
BA.4.1.2	7	7
BA.4.1.3	52	52
BA.4.1.4	66	66
BA.4.1.5	35	35
BA.4.1.6	780	780
BA.4.1.8	578	578
BA.4.1.9	5	5
BA.4.2	2089	2089
BA.4.3	42	42
BA.4.4	3311	3311
BA.4.5	75	75
BA.4.6	13927	13577
BA.4.6.1	350	350
BA.4.7	488	488
BA.4.8	19	19
BA.5	330668	4532
BA.5.1	84697	56666
BA.5.1.1	4707	4707
BA.5.1.10	3554	3011
BA.5.1.11	497	497
BA.5.1.12	125	125
BA.5.1.15	29	29
BA.5.1.16	64	64
BA.5.1.17	122	122
BA.5.1.18	264	264
BA.5.1.19	70	70
BA.5.1.2	1833	1833
BA.5.1.20	29	29
BA.5.1.21	380	292
BA.5.1.22	4064	4064
BA.5.1.23	3454	3454
BA.5.1.24	1816	1789
BA.5.1.25	1431	1431
BA.5.1.26	29	29
BA.5.1.27	66	66
BA.5.1.28	25	25
BA.5.1.3	2131	2131
BA.5.1.4	619	619
BA.5.1.5	1375	1375
BA.5.1.6	788	788
BA.5.1.7	140	140
BA.5.1.8	21	21
BA.5.1.9	345	345
BA.5.10	153	139
BA.5.10.1	14	14
BA.5.1_no27438	84	84
BA.5.2	157911	36423
BA.5.2.1	103830	65717
BA.5.2.10	9	9
BA.5.2.11	5	5
BA.5.2.12	16	16
BA.5.2.13	178	178
BA.5.2.14	22	22
BA.5.2.16	334	318
BA.5.2.18	90	90
BA.5.2.19	239	239
BA.5.2.1_no28330	220	220
BA.5.2.2	578	578
BA.5.2.20	3010	2980
BA.5.2.21	2182	2182
BA.5.2.22	487	487
BA.5.2.23	30	30
BA.5.2.24	63	63
BA.5.2.25	11	11
BA.5.2.26	353	353
BA.5.2.27	483	456
BA.5.2.28	476	476
BA.5.2.29	55	55
BA.5.2.3	3074	2981
BA.5.2.30	3	3
BA.5.2.31	327	298
BA.5.2.33	306	263
BA.5.2.4	98	98
BA.5.2.6	212	212
BA.5.2.7	142	142
BA.5.2.8	177	177
BA.5.2.9	4698	4698
BA.5.2_no28330	2205	2052
BA.5.3	31671	748
BA.5.3.1	28745	1552
BA.5.3.2	397	397
BA.5.3.3	1675	1675
BA.5.3.4	106	106
BA.5.5	29983	28788
BA.5.5.1	446	446
BA.5.5.2	501	501
BA.5.5.3	248	248
BA.5.6	16349	15973
BA.5.6.1	59	59
BA.5.6.2	317	317
BA.5.7	6	6
BA.5.8	2384	2384
BA.5.9	471	471
BB.1	38	38
BB.2	296	296
BC.1	210	210
BC.2	5	5
BD.1	4708	4708
BE.1	22228	10997
BE.1.1	10803	9552
BE.1.1.1	566	327
BE.1.1.2	685	685
BE.1.2	157	145
BE.1.2.1	12	12
BE.1.3	271	271
BE.2	470	470
BE.3	4146	4146
BE.4	349	325
BE.4.1	24	24
BF.1	4119	3901
BF.1.1	218	218
BF.10	6874	6874
BF.11	882	882
BF.12	95	95
BF.13	254	254
BF.14	42	42
BF.15	105	105
BF.16	174	174
BF.17	9	9
BF.18	17	17
BF.19	19	19
BF.2	625	625
BF.20	113	113
BF.21	2561	2561
BF.22	38	38
BF.23	29	29
BF.24	23	23
BF.25	73	73
BF.26	2529	2529
BF.27	2667	2667
BF.28	3465	3465
BF.3	337	312
BF.3.1	25	25
BF.4	1486	1486
BF.5	6485	6462
BF.6	991	991
BF.7	1609	1609
BF.8	2167	2167
BF.9	128	128
BG.1	30	30
BG.2	659	659
BG.3	10	10
BG.4	41	41
BG.5	822	822
BH.1	30	30
BK.1	543	543
BL.1	69	69
BL.1.3	4	4
BL.2	13	13
BL.3	15	15
BL.4	19	19
BM.1	8	8
BM.1.1	64	56
BM.1.1.1	8	8
BM.2	3	3
BM.4	77	4
BM.4.1	73	3
BM.4.1.1	70	6
BM.5	2	2
BN.1	30	30
BN.2	12	5
BN.2.1	7	7
BQ.1	239	155
BQ.1.1	72	72
BQ.1.2	8	8
BQ.1.3	4	4
BR.1	8	8
BT.1	88	88
BU.1	16	16
BV.1	30	30
BY.1	211	20
BZ.1	93	93
C.1	19	11
C.12	124	124
C.13	4	4
C.14	21	21
C.16	305	305
C.17	1707	521
C.18	28	28
C.2	42	7
C.2.1	35	35
C.20	11	11
C.23	108	108
C.25	2	2
C.26	15	15
C.27	54	54
C.28	9	9
C.3	138	138
C.30	572	567
C.30.1	5	5
C.31	13	13
C.32	3	3
C.33	2	2
C.35	538	538
C.36	63	63
C.36.1	2	2
C.36.2	27	27
C.36.3	1157	920
C.36.3.1	237	237
C.37	1315	1220
C.37.1	95	95
C.38	65	65
C.4	11	11
C.5	10	10
CA.1	8	8
CB.1	17	17
CD.1	15	15
CD.2	14	14
CE.1	43	43
CF.1	27	27
D.2	11458	11458
D.3	151	151
D.4	12	12
D.5	3	3
G.1	24	24
L.2	13	13
L.3	142	142
L.4	5	5
M.2	14	14
M.3	12	12
N.1	39	39
N.10	3	3
N.2	15	15
N.3	8	8
N.4	42	42
N.5	70	70
N.6	18	18
N.7	20	20
N.8	35	35
N.9	5	5
P.1	26655	17489
P.1.1	310	310
P.1.10	2905	2905
P.1.11	8	8
P.1.12	111	105
P.1.12.1	6	6
P.1.13	837	837
P.1.14	292	292
P.1.15	295	295
P.1.16	215	215
P.1.17	3490	3383
P.1.17.1	107	107
P.1.2	71	71
P.1.4	11	11
P.1.7	510	492
P.1.7.1	18	18
P.1.8	56	56
P.1.9	55	55
P.2	1317	1317
P.3	46	46
P.6	3	3
P.7	14	14
Q.1	13	13
Q.2	8	8
Q.3	5099	5099
Q.4	3562	3562
Q.6	2	2
Q.7	34	34
Q.8	7	7
R.1	2968	2968
R.2	70	70
U.1	78	78
U.3	2	2
V.1	33	33
V.2	31	31
W.1	44	44
W.2	3	3
W.3	191	191
W.4	743	743
XA	40	40
XAA	65	65
XAB	34	34
XAC	57	57
XAD	25	25
XAE	25	25
XAF	43	43
XAG	28	28
XAH	5	5
XAJ	71	71
XAK	2	2
XAL	18	18
XAM	85	85
XAN	53	53
XAP	51	51
XAS	167	167
XAT	2	2
XAU	20	20
XAV	27	27
XAZ	375	375
XB	2006	2006
XD	16	16
XE	2424	2424
XF	39	39
XG	422	422
XH	137	137
XJ	4	4
XL	112	112
XM	314	189
XN	311	311
XP	76	76
XQ	132	132
XR	173	173
XS	43	43
XU	2	2
XV	27	27
XW	88	88
XY	87	87
XZ	106	106
Y.1	11	11
Z.1	258	258
miscBA1BA2Post13k	405	48
miscBA1BA2Post17k	107	107
miscBA1BA2Post5386	4484	162
miscBA1BA2Post8393	3269	158
miscBA1BA2Pre10k	11	11
miscBA1BA2Pre4321	581	162
miscBA2BA1PostSpike	1825	1554
miscDeltaBA1Post11k	58	22
miscDeltaBA1Post4k	162	12
proposed1006	87	87
proposed422	4	4
proposed439	10	10
proposed441	6	6
proposed446	10	10
proposed467	16	16
